z;z
Zeliha;Yildirim
b;c
Aljona;Reznik
Karolina;Braun
Kirill;Brunno
Klaudia;Faser
Axel;Raster
Sabine;Baum
Robert;Riemer
Hans;Grafenburg
Matthias;Steigberger
Elisabeth;Scholtz
Hugo;Steinmeyer
Markus;Jurenka
Kevin;Hannes
Sterntrud;Meier
Sepp;Tember
Long;Glied
Ömer;Müll
c;c
Korpok;Olliver
Tanita;Weber
Patrick;Rahm
Johannes;Engelhardt
Michael;Moosbauer
Lisa;Hufnagl
Daniel;Heidt
Karina;Braun
Maria;Anders
Patricio;Simpson
Matti;Karttunen
Laurence;Lebihan
Yang;Wang
Giovanni;Rovelli
Ana;Trujillo
Francisco;Chang
Thomas;Hardy
Christina;Berglund
Alejandra;Camino
Martín;Sommer
Diego.;Roel
Annette;Roulet
José Pedro;Freyre
Maurizio;Moroni
Janine;Labrune
Carine;Schmitt
Karin;Josephs
Victoria;Ashworth
Helen;Bennett
Henriette;Pfalzheim
Sergio;Gutiérrez
Paul;Henriot
Michael;Holz
Horst;Kloss
Jytte;Jytte Petersen
Sven;Ottlieb
Pascale;Cartrain
Jonas;Bergulfsen
Alexander;Feuer
Miguel Angel;Paolino
Anabela;Domingues
Elizabeth;Brown
Helvetius;Nagy
Palle;Ibsen
Hanna;Moos
Martine;Rancé
Liu;Wong
Renate;Messner
Catherine;Dewey
Frédérique;Citeaux
Mary;Saveley
Rita;Müller
Yvonne;Moncada
Manuel;Pereira
Lino;Rodriguez
Carlos;González
Bernardo;Batista
Felipe;Izquierdo
Marie;Bertrand
Dominique;Perrier
Georg;Pipps
Carlos;Hernández
Guillermo;Fernández
Janete;Limeira
Paula;Parente
Harry;Kumar
Zbyszek;Piestrzeniewicz
Elizabeth;Lincoln
Pedro;Afonso
Ann;Devon
André;Fonseca
Mario;Pontes
Aria;Cruz
Maria;Larsson
Jean;Fresnière
Daniel;Tonini
Eduardo;Saavedra
Lúcia;Carvalho
Patricia;McKenna
Yoshi;Tannamuri
Peter;Franken
Isabel;de Castro
Art;Braunschweiger
Jose;Pavarotti
Antonio;Moreno
Paula;Wilson
Simon;Crowther
Pirkko;Koskitalo
Jaime;Yorres
Liz;Nixon
